{
  "backend": "xgboost",
  "feature_columns": [
    "home_form",
    "away_form",
    "home_avg_goals_for",
    "away_avg_goals_for",
    "home_avg_goals_against",
    "away_avg_goals_against",
    "home_win_pct",
    "away_win_pct",
    "home_clean_sheet_pct",
    "away_clean_sheet_pct",
    "home_wc_experience",
    "away_wc_experience",
    "h2h_home_strength",
    "elo_diff",
    "fifa_rank_diff"
  ],
  "test_accuracy": 0.5188834154351396,
  "test_log_loss": 0.9966844190751334,
  "baseline_accuracy": 0.535303776683087,
  "draw_recall": 0.2222222222222222,
  "macro_f1": 0.4696110214730924,
  "class_balanced_training": true,
  "blend_weight": 0.65,
  "hyperparams_tuned": false,
  "best_hyperparams": null,
  "feature_importance": {
    "home_form": 0.0658680871129036,
    "away_form": 0.06188679859042168,
    "home_avg_goals_for": 0.06326167285442352,
    "away_avg_goals_for": 0.06565027683973312,
    "home_avg_goals_against": 0.06477241218090057,
    "away_avg_goals_against": 0.06410743296146393,
    "home_win_pct": 0.07119560241699219,
    "away_win_pct": 0.06924442946910858,
    "home_clean_sheet_pct": 0.06665437668561935,
    "away_clean_sheet_pct": 0.06412441283464432,
    "home_wc_experience": 0.026798969134688377,
    "away_wc_experience": 0.02996920980513096,
    "h2h_home_strength": 0.06468420475721359,
    "elo_diff": 0.14139030873775482,
    "fifa_rank_diff": 0.08039189130067825
  }
}